adler2	2.0.1	0BSD OR MIT OR Apache-2.0	https://github.com/oyvindln/adler2	registry+https://github.com/rust-lang/crates.io-index
aes	0.8.4	MIT OR Apache-2.0	https://github.com/RustCrypto/block-ciphers	registry+https://github.com/rust-lang/crates.io-index
ahash	0.8.12	MIT OR Apache-2.0	https://github.com/tkaitchuck/ahash	registry+https://github.com/rust-lang/crates.io-index
aho-corasick	1.1.4	Unlicense OR MIT	https://github.com/BurntSushi/aho-corasick	registry+https://github.com/rust-lang/crates.io-index
alloc-no-stdlib	2.0.4	BSD-3-Clause	https://github.com/dropbox/rust-alloc-no-stdlib	registry+https://github.com/rust-lang/crates.io-index
alloc-stdlib	0.2.2	BSD-3-Clause	https://github.com/dropbox/rust-alloc-no-stdlib	registry+https://github.com/rust-lang/crates.io-index
android_system_properties	0.1.5	MIT/Apache-2.0	https://github.com/nical/android_system_properties	registry+https://github.com/rust-lang/crates.io-index
anstream	1.0.0	MIT OR Apache-2.0	https://github.com/rust-cli/anstyle.git	registry+https://github.com/rust-lang/crates.io-index
anstyle	1.0.14	MIT OR Apache-2.0	https://github.com/rust-cli/anstyle.git	registry+https://github.com/rust-lang/crates.io-index
anstyle-parse	1.0.0	MIT OR Apache-2.0	https://github.com/rust-cli/anstyle.git	registry+https://github.com/rust-lang/crates.io-index
anstyle-query	1.1.5	MIT OR Apache-2.0	https://github.com/rust-cli/anstyle.git	registry+https://github.com/rust-lang/crates.io-index
anstyle-wincon	3.0.11	MIT OR Apache-2.0	https://github.com/rust-cli/anstyle.git	registry+https://github.com/rust-lang/crates.io-index
anyhow	1.0.102	MIT OR Apache-2.0	https://github.com/dtolnay/anyhow	registry+https://github.com/rust-lang/crates.io-index
asn1-rs	0.7.1	MIT OR Apache-2.0	https://github.com/rusticata/asn1-rs.git	registry+https://github.com/rust-lang/crates.io-index
asn1-rs-derive	0.6.0	MIT OR Apache-2.0	https://github.com/rusticata/asn1-rs.git	registry+https://github.com/rust-lang/crates.io-index
asn1-rs-impl	0.2.0	MIT/Apache-2.0	https://github.com/rusticata/asn1-rs.git	registry+https://github.com/rust-lang/crates.io-index
async-compression	0.4.42	MIT OR Apache-2.0	https://github.com/Nullus157/async-compression	registry+https://github.com/rust-lang/crates.io-index
atomic-waker	1.1.2	Apache-2.0 OR MIT	https://github.com/smol-rs/atomic-waker	registry+https://github.com/rust-lang/crates.io-index
autocfg	1.5.0	Apache-2.0 OR MIT	https://github.com/cuviper/autocfg	registry+https://github.com/rust-lang/crates.io-index
aws-lc-rs	1.16.3	ISC AND (Apache-2.0 OR ISC)	https://github.com/aws/aws-lc-rs	registry+https://github.com/rust-lang/crates.io-index
aws-lc-sys	0.40.0	ISC AND (Apache-2.0 OR ISC) AND Apache-2.0 AND MIT AND BSD-3-Clause AND (Apache-2.0 OR ISC OR MIT) AND (Apache-2.0 OR ISC OR MIT-0)	https://github.com/aws/aws-lc-rs	registry+https://github.com/rust-lang/crates.io-index
axum	0.8.9	MIT	https://github.com/tokio-rs/axum	registry+https://github.com/rust-lang/crates.io-index
axum-core	0.5.6	MIT	https://github.com/tokio-rs/axum	registry+https://github.com/rust-lang/crates.io-index
base64	0.22.1	MIT OR Apache-2.0	https://github.com/marshallpierce/rust-base64	registry+https://github.com/rust-lang/crates.io-index
base64ct	1.8.3	Apache-2.0 OR MIT	https://github.com/RustCrypto/formats	registry+https://github.com/rust-lang/crates.io-index
bindgen	0.70.1	BSD-3-Clause	https://github.com/rust-lang/rust-bindgen	registry+https://github.com/rust-lang/crates.io-index
bindgen	0.71.1	BSD-3-Clause	https://github.com/rust-lang/rust-bindgen	registry+https://github.com/rust-lang/crates.io-index
bitflags	2.11.1	MIT OR Apache-2.0	https://github.com/bitflags/bitflags	registry+https://github.com/rust-lang/crates.io-index
block-buffer	0.10.4	MIT OR Apache-2.0	https://github.com/RustCrypto/utils	registry+https://github.com/rust-lang/crates.io-index
brotli	8.0.2	BSD-3-Clause AND MIT	https://github.com/dropbox/rust-brotli	registry+https://github.com/rust-lang/crates.io-index
brotli-decompressor	5.0.0	BSD-3-Clause/MIT	https://github.com/dropbox/rust-brotli-decompressor	registry+https://github.com/rust-lang/crates.io-index
bumpalo	3.20.2	MIT OR Apache-2.0	https://github.com/fitzgen/bumpalo	registry+https://github.com/rust-lang/crates.io-index
byteorder	1.5.0	Unlicense OR MIT	https://github.com/BurntSushi/byteorder	registry+https://github.com/rust-lang/crates.io-index
bytes	1.11.1	MIT	https://github.com/tokio-rs/bytes	registry+https://github.com/rust-lang/crates.io-index
bzip2	0.4.4	MIT/Apache-2.0	https://github.com/alexcrichton/bzip2-rs	registry+https://github.com/rust-lang/crates.io-index
bzip2-sys	0.1.13+1.0.8	MIT/Apache-2.0	https://github.com/alexcrichton/bzip2-rs	registry+https://github.com/rust-lang/crates.io-index
cc	1.2.61	MIT OR Apache-2.0	https://github.com/rust-lang/cc-rs	registry+https://github.com/rust-lang/crates.io-index
cexpr	0.6.0	Apache-2.0/MIT	https://github.com/jethrogb/rust-cexpr	registry+https://github.com/rust-lang/crates.io-index
cfg-if	1.0.4	MIT OR Apache-2.0	https://github.com/rust-lang/cfg-if	registry+https://github.com/rust-lang/crates.io-index
cfg_aliases	0.2.1	MIT	https://github.com/katharostech/cfg_aliases	registry+https://github.com/rust-lang/crates.io-index
chrono	0.4.44	MIT OR Apache-2.0	https://github.com/chronotope/chrono	registry+https://github.com/rust-lang/crates.io-index
chrono-tz	0.10.4	MIT OR Apache-2.0	https://github.com/chronotope/chrono-tz	registry+https://github.com/rust-lang/crates.io-index
cipher	0.4.4	MIT OR Apache-2.0	https://github.com/RustCrypto/traits	registry+https://github.com/rust-lang/crates.io-index
clang-sys	1.8.1	Apache-2.0	https://github.com/KyleMayes/clang-sys	registry+https://github.com/rust-lang/crates.io-index
clap	4.6.1	MIT OR Apache-2.0	https://github.com/clap-rs/clap	registry+https://github.com/rust-lang/crates.io-index
clap_builder	4.6.0	MIT OR Apache-2.0	https://github.com/clap-rs/clap	registry+https://github.com/rust-lang/crates.io-index
clap_complete	4.6.3	MIT OR Apache-2.0	https://github.com/clap-rs/clap	registry+https://github.com/rust-lang/crates.io-index
clap_derive	4.6.1	MIT OR Apache-2.0	https://github.com/clap-rs/clap	registry+https://github.com/rust-lang/crates.io-index
clap_lex	1.1.0	MIT OR Apache-2.0	https://github.com/clap-rs/clap	registry+https://github.com/rust-lang/crates.io-index
cmake	0.1.58	MIT OR Apache-2.0	https://github.com/rust-lang/cmake-rs	registry+https://github.com/rust-lang/crates.io-index
colorchoice	1.0.5	MIT OR Apache-2.0	https://github.com/rust-cli/anstyle.git	registry+https://github.com/rust-lang/crates.io-index
compression-codecs	0.4.38	MIT OR Apache-2.0	https://github.com/Nullus157/async-compression	registry+https://github.com/rust-lang/crates.io-index
compression-core	0.4.32	MIT OR Apache-2.0	https://github.com/Nullus157/async-compression	registry+https://github.com/rust-lang/crates.io-index
constant_time_eq	0.1.5	CC0-1.0	https://github.com/cesarb/constant_time_eq	registry+https://github.com/rust-lang/crates.io-index
core-foundation	0.10.1	MIT OR Apache-2.0	https://github.com/servo/core-foundation-rs	registry+https://github.com/rust-lang/crates.io-index
core-foundation	0.9.4	MIT OR Apache-2.0	https://github.com/servo/core-foundation-rs	registry+https://github.com/rust-lang/crates.io-index
core-foundation-sys	0.8.7	MIT OR Apache-2.0	https://github.com/servo/core-foundation-rs	registry+https://github.com/rust-lang/crates.io-index
cpufeatures	0.2.17	MIT OR Apache-2.0	https://github.com/RustCrypto/utils	registry+https://github.com/rust-lang/crates.io-index
crc32fast	1.5.0	MIT OR Apache-2.0	https://github.com/srijs/rust-crc32fast	registry+https://github.com/rust-lang/crates.io-index
crossbeam-deque	0.8.6	MIT OR Apache-2.0	https://github.com/crossbeam-rs/crossbeam	registry+https://github.com/rust-lang/crates.io-index
crossbeam-epoch	0.9.18	MIT OR Apache-2.0	https://github.com/crossbeam-rs/crossbeam	registry+https://github.com/rust-lang/crates.io-index
crossbeam-utils	0.8.21	MIT OR Apache-2.0	https://github.com/crossbeam-rs/crossbeam	registry+https://github.com/rust-lang/crates.io-index
crunchy	0.2.4	MIT	https://github.com/eira-fransham/crunchy	registry+https://github.com/rust-lang/crates.io-index
crypto-common	0.1.7	MIT OR Apache-2.0	https://github.com/RustCrypto/traits	registry+https://github.com/rust-lang/crates.io-index
darling	0.21.3	MIT	https://github.com/TedDriggs/darling	registry+https://github.com/rust-lang/crates.io-index
darling_core	0.21.3	MIT	https://github.com/TedDriggs/darling	registry+https://github.com/rust-lang/crates.io-index
darling_macro	0.21.3	MIT	https://github.com/TedDriggs/darling	registry+https://github.com/rust-lang/crates.io-index
data-encoding	2.11.0	MIT	https://github.com/ia0/data-encoding	registry+https://github.com/rust-lang/crates.io-index
der-parser	10.0.0	MIT OR Apache-2.0	https://github.com/rusticata/der-parser.git	registry+https://github.com/rust-lang/crates.io-index
deranged	0.5.8	MIT OR Apache-2.0	https://github.com/jhpratt/deranged	registry+https://github.com/rust-lang/crates.io-index
digest	0.10.7	MIT OR Apache-2.0	https://github.com/RustCrypto/traits	registry+https://github.com/rust-lang/crates.io-index
dirs	6.0.0	MIT OR Apache-2.0	https://github.com/soc/dirs-rs	registry+https://github.com/rust-lang/crates.io-index
dirs-sys	0.5.0	MIT OR Apache-2.0	https://github.com/dirs-dev/dirs-sys-rs	registry+https://github.com/rust-lang/crates.io-index
displaydoc	0.2.5	MIT OR Apache-2.0	https://github.com/yaahc/displaydoc	registry+https://github.com/rust-lang/crates.io-index
doxygen-rs	0.4.2	BSD-3-Clause	https://github.com/Techie-Pi/doxygen-rs/	registry+https://github.com/rust-lang/crates.io-index
dunce	1.0.5	CC0-1.0 OR MIT-0 OR Apache-2.0	https://gitlab.com/kornelski/dunce	registry+https://github.com/rust-lang/crates.io-index
dyn-clone	1.0.20	MIT OR Apache-2.0	https://github.com/dtolnay/dyn-clone	registry+https://github.com/rust-lang/crates.io-index
either	1.15.0	MIT OR Apache-2.0	https://github.com/rayon-rs/either	registry+https://github.com/rust-lang/crates.io-index
encoding_rs	0.8.35	(Apache-2.0 OR MIT) AND BSD-3-Clause	https://github.com/hsivonen/encoding_rs	registry+https://github.com/rust-lang/crates.io-index
equivalent	1.0.2	Apache-2.0 OR MIT	https://github.com/indexmap-rs/equivalent	registry+https://github.com/rust-lang/crates.io-index
errno	0.3.14	MIT OR Apache-2.0	https://github.com/lambda-fairy/rust-errno	registry+https://github.com/rust-lang/crates.io-index
fallible-iterator	0.3.0	MIT/Apache-2.0	https://github.com/sfackler/rust-fallible-iterator	registry+https://github.com/rust-lang/crates.io-index
fallible-streaming-iterator	0.1.9	MIT/Apache-2.0	https://github.com/sfackler/fallible-streaming-iterator	registry+https://github.com/rust-lang/crates.io-index
fastbloom	0.14.1	MIT OR Apache-2.0	https://github.com/tomtomwombat/fastbloom/	registry+https://github.com/rust-lang/crates.io-index
fastrand	2.4.1	Apache-2.0 OR MIT	https://github.com/smol-rs/fastrand	registry+https://github.com/rust-lang/crates.io-index
find-msvc-tools	0.1.9	MIT OR Apache-2.0	https://github.com/rust-lang/cc-rs	registry+https://github.com/rust-lang/crates.io-index
flate2	1.1.9	MIT OR Apache-2.0	https://github.com/rust-lang/flate2-rs	registry+https://github.com/rust-lang/crates.io-index
fnv	1.0.7	Apache-2.0 / MIT	https://github.com/servo/rust-fnv	registry+https://github.com/rust-lang/crates.io-index
foreign-types	0.3.2	MIT/Apache-2.0	https://github.com/sfackler/foreign-types	registry+https://github.com/rust-lang/crates.io-index
foreign-types-shared	0.1.1	MIT/Apache-2.0	https://github.com/sfackler/foreign-types	registry+https://github.com/rust-lang/crates.io-index
form_urlencoded	1.2.2	MIT OR Apache-2.0	https://github.com/servo/rust-url	registry+https://github.com/rust-lang/crates.io-index
fs_extra	1.3.0	MIT	https://github.com/webdesus/fs_extra	registry+https://github.com/rust-lang/crates.io-index
futures	0.3.32	MIT OR Apache-2.0	https://github.com/rust-lang/futures-rs	registry+https://github.com/rust-lang/crates.io-index
futures-channel	0.3.32	MIT OR Apache-2.0	https://github.com/rust-lang/futures-rs	registry+https://github.com/rust-lang/crates.io-index
futures-core	0.3.32	MIT OR Apache-2.0	https://github.com/rust-lang/futures-rs	registry+https://github.com/rust-lang/crates.io-index
futures-executor	0.3.32	MIT OR Apache-2.0	https://github.com/rust-lang/futures-rs	registry+https://github.com/rust-lang/crates.io-index
futures-io	0.3.32	MIT OR Apache-2.0	https://github.com/rust-lang/futures-rs	registry+https://github.com/rust-lang/crates.io-index
futures-macro	0.3.32	MIT OR Apache-2.0	https://github.com/rust-lang/futures-rs	registry+https://github.com/rust-lang/crates.io-index
futures-sink	0.3.32	MIT OR Apache-2.0	https://github.com/rust-lang/futures-rs	registry+https://github.com/rust-lang/crates.io-index
futures-task	0.3.32	MIT OR Apache-2.0	https://github.com/rust-lang/futures-rs	registry+https://github.com/rust-lang/crates.io-index
futures-util	0.3.32	MIT OR Apache-2.0	https://github.com/rust-lang/futures-rs	registry+https://github.com/rust-lang/crates.io-index
generic-array	0.14.7	MIT	https://github.com/fizyk20/generic-array.git	registry+https://github.com/rust-lang/crates.io-index
getrandom	0.2.17	MIT OR Apache-2.0	https://github.com/rust-random/getrandom	registry+https://github.com/rust-lang/crates.io-index
getrandom	0.3.4	MIT OR Apache-2.0	https://github.com/rust-random/getrandom	registry+https://github.com/rust-lang/crates.io-index
glob	0.3.3	MIT OR Apache-2.0	https://github.com/rust-lang/glob	registry+https://github.com/rust-lang/crates.io-index
h2	0.4.13	MIT	https://github.com/hyperium/h2	registry+https://github.com/rust-lang/crates.io-index
h3	0.0.8	MIT	https://github.com/hyperium/h3	registry+https://github.com/rust-lang/crates.io-index
h3-quinn	0.0.10	MIT	https://github.com/hyperium/h3	registry+https://github.com/rust-lang/crates.io-index
half	2.7.1	MIT OR Apache-2.0	https://github.com/VoidStarKat/half-rs	registry+https://github.com/rust-lang/crates.io-index
hashbrown	0.14.5	MIT OR Apache-2.0	https://github.com/rust-lang/hashbrown	registry+https://github.com/rust-lang/crates.io-index
hashbrown	0.17.0	MIT OR Apache-2.0	https://github.com/rust-lang/hashbrown	registry+https://github.com/rust-lang/crates.io-index
hashlink	0.9.1	MIT OR Apache-2.0	https://github.com/kyren/hashlink	registry+https://github.com/rust-lang/crates.io-index
heck	0.5.0	MIT OR Apache-2.0	https://github.com/withoutboats/heck	registry+https://github.com/rust-lang/crates.io-index
hmac	0.12.1	MIT OR Apache-2.0	https://github.com/RustCrypto/MACs	registry+https://github.com/rust-lang/crates.io-index
http	1.4.0	MIT OR Apache-2.0	https://github.com/hyperium/http	registry+https://github.com/rust-lang/crates.io-index
http-body	1.0.1	MIT	https://github.com/hyperium/http-body	registry+https://github.com/rust-lang/crates.io-index
http-body-util	0.1.3	MIT	https://github.com/hyperium/http-body	registry+https://github.com/rust-lang/crates.io-index
httparse	1.10.1	MIT OR Apache-2.0	https://github.com/seanmonstar/httparse	registry+https://github.com/rust-lang/crates.io-index
httpdate	1.0.3	MIT OR Apache-2.0	https://github.com/pyfisch/httpdate	registry+https://github.com/rust-lang/crates.io-index
hyper	1.9.0	MIT	https://github.com/hyperium/hyper	registry+https://github.com/rust-lang/crates.io-index
hyper-rustls	0.27.9	Apache-2.0 OR ISC OR MIT	https://github.com/rustls/hyper-rustls	registry+https://github.com/rust-lang/crates.io-index
hyper-tls	0.6.0	MIT/Apache-2.0	https://github.com/hyperium/hyper-tls	registry+https://github.com/rust-lang/crates.io-index
hyper-util	0.1.20	MIT	https://github.com/hyperium/hyper-util	registry+https://github.com/rust-lang/crates.io-index
iana-time-zone	0.1.65	MIT OR Apache-2.0	https://github.com/strawlab/iana-time-zone	registry+https://github.com/rust-lang/crates.io-index
iana-time-zone-haiku	0.1.2	MIT OR Apache-2.0	https://github.com/strawlab/iana-time-zone	registry+https://github.com/rust-lang/crates.io-index
icu_collections	2.2.0	Unicode-3.0	https://github.com/unicode-org/icu4x	registry+https://github.com/rust-lang/crates.io-index
icu_locale_core	2.2.0	Unicode-3.0	https://github.com/unicode-org/icu4x	registry+https://github.com/rust-lang/crates.io-index
icu_normalizer	2.2.0	Unicode-3.0	https://github.com/unicode-org/icu4x	registry+https://github.com/rust-lang/crates.io-index
icu_normalizer_data	2.2.0	Unicode-3.0	https://github.com/unicode-org/icu4x	registry+https://github.com/rust-lang/crates.io-index
icu_properties	2.2.0	Unicode-3.0	https://github.com/unicode-org/icu4x	registry+https://github.com/rust-lang/crates.io-index
icu_properties_data	2.2.0	Unicode-3.0	https://github.com/unicode-org/icu4x	registry+https://github.com/rust-lang/crates.io-index
icu_provider	2.2.0	Unicode-3.0	https://github.com/unicode-org/icu4x	registry+https://github.com/rust-lang/crates.io-index
ident_case	1.0.1	MIT/Apache-2.0	https://github.com/TedDriggs/ident_case	registry+https://github.com/rust-lang/crates.io-index
idna	1.1.0	MIT OR Apache-2.0	https://github.com/servo/rust-url/	registry+https://github.com/rust-lang/crates.io-index
idna_adapter	1.2.2	Apache-2.0 OR MIT	https://github.com/hsivonen/idna_adapter	registry+https://github.com/rust-lang/crates.io-index
indexmap	2.14.0	Apache-2.0 OR MIT	https://github.com/indexmap-rs/indexmap	registry+https://github.com/rust-lang/crates.io-index
inout	0.1.4	MIT OR Apache-2.0	https://github.com/RustCrypto/utils	registry+https://github.com/rust-lang/crates.io-index
ipnet	2.12.0	MIT OR Apache-2.0	https://github.com/krisprice/ipnet	registry+https://github.com/rust-lang/crates.io-index
iri-string	0.7.12	MIT OR Apache-2.0	https://github.com/lo48576/iri-string	registry+https://github.com/rust-lang/crates.io-index
is_terminal_polyfill	1.70.2	MIT OR Apache-2.0	https://github.com/polyfill-rs/is_terminal_polyfill	registry+https://github.com/rust-lang/crates.io-index
itertools	0.13.0	MIT OR Apache-2.0	https://github.com/rust-itertools/itertools	registry+https://github.com/rust-lang/crates.io-index
itertools	0.14.0	MIT OR Apache-2.0	https://github.com/rust-itertools/itertools	registry+https://github.com/rust-lang/crates.io-index
itoa	1.0.18	MIT OR Apache-2.0	https://github.com/dtolnay/itoa	registry+https://github.com/rust-lang/crates.io-index
jobserver	0.1.34	MIT OR Apache-2.0	https://github.com/rust-lang/jobserver-rs	registry+https://github.com/rust-lang/crates.io-index
js-sys	0.3.95	MIT OR Apache-2.0	https://github.com/wasm-bindgen/wasm-bindgen/tree/master/crates/js-sys	registry+https://github.com/rust-lang/crates.io-index
lazy_static	1.5.0	MIT OR Apache-2.0	https://github.com/rust-lang-nursery/lazy-static.rs	registry+https://github.com/rust-lang/crates.io-index
libc	0.2.186	MIT OR Apache-2.0	https://github.com/rust-lang/libc	registry+https://github.com/rust-lang/crates.io-index
libloading	0.8.9	ISC	https://github.com/nagisa/rust_libloading/	registry+https://github.com/rust-lang/crates.io-index
libm	0.2.16	MIT	https://github.com/rust-lang/compiler-builtins	registry+https://github.com/rust-lang/crates.io-index
libredox	0.1.16	MIT	https://gitlab.redox-os.org/redox-os/libredox.git	registry+https://github.com/rust-lang/crates.io-index
libsqlite3-sys	0.28.0	MIT	https://github.com/rusqlite/rusqlite	registry+https://github.com/rust-lang/crates.io-index
lightgbm3	1.0.10	MIT	https://github.com/Mottl/lightgbm3-rs	registry+https://github.com/rust-lang/crates.io-index
lightgbm3-sys	1.0.8	MIT	https://github.com/Mottl/lightgbm3-rs	registry+https://github.com/rust-lang/crates.io-index
linux-raw-sys	0.12.1	Apache-2.0 WITH LLVM-exception OR Apache-2.0 OR MIT	https://github.com/sunfishcode/linux-raw-sys	registry+https://github.com/rust-lang/crates.io-index
litemap	0.8.2	Unicode-3.0	https://github.com/unicode-org/icu4x	registry+https://github.com/rust-lang/crates.io-index
lock_api	0.4.14	MIT OR Apache-2.0	https://github.com/Amanieu/parking_lot	registry+https://github.com/rust-lang/crates.io-index
log	0.4.29	MIT OR Apache-2.0	https://github.com/rust-lang/log	registry+https://github.com/rust-lang/crates.io-index
lru-slab	0.1.2	MIT OR Apache-2.0 OR Zlib	https://github.com/Ralith/lru-slab	registry+https://github.com/rust-lang/crates.io-index
mach-sys	0.5.4	GPL-3.0 OR Apache-2.0	https://github.com/delta4chat/mach	registry+https://github.com/rust-lang/crates.io-index
matchit	0.8.4	MIT AND BSD-3-Clause	https://github.com/ibraheemdev/matchit	registry+https://github.com/rust-lang/crates.io-index
matrixmultiply	0.3.10	MIT/Apache-2.0	https://github.com/bluss/matrixmultiply/	registry+https://github.com/rust-lang/crates.io-index
memchr	2.8.0	Unlicense OR MIT	https://github.com/BurntSushi/memchr	registry+https://github.com/rust-lang/crates.io-index
mime	0.3.17	MIT OR Apache-2.0	https://github.com/hyperium/mime	registry+https://github.com/rust-lang/crates.io-index
minimal-lexical	0.2.1	MIT/Apache-2.0	https://github.com/Alexhuszagh/minimal-lexical	registry+https://github.com/rust-lang/crates.io-index
miniz_oxide	0.8.9	MIT OR Zlib OR Apache-2.0	https://github.com/Frommi/miniz_oxide/tree/master/miniz_oxide	registry+https://github.com/rust-lang/crates.io-index
mio	1.2.0	MIT	https://github.com/tokio-rs/mio	registry+https://github.com/rust-lang/crates.io-index
mlai-trade	1.1.44	MIT		local
mlx-internal-macros	0.25.3	MIT OR Apache-2.0	https://github.com/oxideai/mlx-rs	registry+https://github.com/rust-lang/crates.io-index
mlx-macros	0.25.3	MIT OR Apache-2.0	https://github.com/oxideai/mlx-rs	registry+https://github.com/rust-lang/crates.io-index
mlx-rs	0.25.3	MIT OR Apache-2.0	https://github.com/oxideai/mlx-rs	registry+https://github.com/rust-lang/crates.io-index
mlx-sys	0.2.0	MIT OR Apache-2.0	https://github.com/oxideai/mlx-rs	registry+https://github.com/rust-lang/crates.io-index
native-tls	0.2.18	MIT OR Apache-2.0	https://github.com/rust-native-tls/rust-native-tls	registry+https://github.com/rust-lang/crates.io-index
ndarray	0.16.1	MIT OR Apache-2.0	https://github.com/rust-ndarray/ndarray	registry+https://github.com/rust-lang/crates.io-index
nom	7.1.3	MIT	https://github.com/Geal/nom	registry+https://github.com/rust-lang/crates.io-index
num-bigint	0.4.6	MIT OR Apache-2.0	https://github.com/rust-num/num-bigint	registry+https://github.com/rust-lang/crates.io-index
num-complex	0.4.6	MIT OR Apache-2.0	https://github.com/rust-num/num-complex	registry+https://github.com/rust-lang/crates.io-index
num-conv	0.2.1	MIT OR Apache-2.0	https://github.com/jhpratt/num-conv	registry+https://github.com/rust-lang/crates.io-index
num-integer	0.1.46	MIT OR Apache-2.0	https://github.com/rust-num/num-integer	registry+https://github.com/rust-lang/crates.io-index
num-traits	0.2.19	MIT OR Apache-2.0	https://github.com/rust-num/num-traits	registry+https://github.com/rust-lang/crates.io-index
num_enum	0.7.6	BSD-3-Clause OR MIT OR Apache-2.0	https://github.com/illicitonion/num_enum	registry+https://github.com/rust-lang/crates.io-index
num_enum_derive	0.7.6	BSD-3-Clause OR MIT OR Apache-2.0	https://github.com/illicitonion/num_enum	registry+https://github.com/rust-lang/crates.io-index
oid-registry	0.8.1	MIT OR Apache-2.0	https://github.com/rusticata/oid-registry.git	registry+https://github.com/rust-lang/crates.io-index
once_cell	1.21.4	MIT OR Apache-2.0	https://github.com/matklad/once_cell	registry+https://github.com/rust-lang/crates.io-index
once_cell_polyfill	1.70.2	MIT OR Apache-2.0	https://github.com/polyfill-rs/once_cell_polyfill	registry+https://github.com/rust-lang/crates.io-index
openmp-sys	1.3.0	CC0-1.0	https://gitlab.com/kornelski/openmp-rs.git	registry+https://github.com/rust-lang/crates.io-index
openssl	0.10.78	Apache-2.0	https://github.com/rust-openssl/rust-openssl	registry+https://github.com/rust-lang/crates.io-index
openssl-macros	0.1.1	MIT/Apache-2.0		registry+https://github.com/rust-lang/crates.io-index
openssl-probe	0.2.1	MIT OR Apache-2.0	https://github.com/rustls/openssl-probe	registry+https://github.com/rust-lang/crates.io-index
openssl-sys	0.9.114	MIT	https://github.com/rust-openssl/rust-openssl	registry+https://github.com/rust-lang/crates.io-index
option-ext	0.2.0	MPL-2.0	https://github.com/soc/option-ext.git	registry+https://github.com/rust-lang/crates.io-index
parking_lot	0.12.5	MIT OR Apache-2.0	https://github.com/Amanieu/parking_lot	registry+https://github.com/rust-lang/crates.io-index
parking_lot_core	0.9.12	MIT OR Apache-2.0	https://github.com/Amanieu/parking_lot	registry+https://github.com/rust-lang/crates.io-index
password-hash	0.4.2	MIT OR Apache-2.0	https://github.com/RustCrypto/traits/tree/master/password-hash	registry+https://github.com/rust-lang/crates.io-index
paste	1.0.15	MIT OR Apache-2.0	https://github.com/dtolnay/paste	registry+https://github.com/rust-lang/crates.io-index
pbkdf2	0.11.0	MIT OR Apache-2.0	https://github.com/RustCrypto/password-hashes/tree/master/pbkdf2	registry+https://github.com/rust-lang/crates.io-index
pem	3.0.6	MIT	https://github.com/jcreekmore/pem-rs.git	registry+https://github.com/rust-lang/crates.io-index
percent-encoding	2.3.2	MIT OR Apache-2.0	https://github.com/servo/rust-url/	registry+https://github.com/rust-lang/crates.io-index
phf	0.11.3	MIT	https://github.com/rust-phf/rust-phf	registry+https://github.com/rust-lang/crates.io-index
phf	0.12.1	MIT	https://github.com/rust-phf/rust-phf	registry+https://github.com/rust-lang/crates.io-index
phf_generator	0.11.3	MIT	https://github.com/rust-phf/rust-phf	registry+https://github.com/rust-lang/crates.io-index
phf_macros	0.11.3	MIT	https://github.com/rust-phf/rust-phf	registry+https://github.com/rust-lang/crates.io-index
phf_shared	0.11.3	MIT	https://github.com/rust-phf/rust-phf	registry+https://github.com/rust-lang/crates.io-index
phf_shared	0.12.1	MIT	https://github.com/rust-phf/rust-phf	registry+https://github.com/rust-lang/crates.io-index
pin-project-lite	0.2.17	Apache-2.0 OR MIT	https://github.com/taiki-e/pin-project-lite	registry+https://github.com/rust-lang/crates.io-index
pkg-config	0.3.33	MIT OR Apache-2.0	https://github.com/rust-lang/pkg-config-rs	registry+https://github.com/rust-lang/crates.io-index
portable-atomic	1.13.1	Apache-2.0 OR MIT	https://github.com/taiki-e/portable-atomic	registry+https://github.com/rust-lang/crates.io-index
portable-atomic-util	0.2.7	Apache-2.0 OR MIT	https://github.com/taiki-e/portable-atomic-util	registry+https://github.com/rust-lang/crates.io-index
potential_utf	0.1.5	Unicode-3.0	https://github.com/unicode-org/icu4x	registry+https://github.com/rust-lang/crates.io-index
powerfmt	0.2.0	MIT OR Apache-2.0	https://github.com/jhpratt/powerfmt	registry+https://github.com/rust-lang/crates.io-index
ppv-lite86	0.2.21	MIT OR Apache-2.0	https://github.com/cryptocorrosion/cryptocorrosion	registry+https://github.com/rust-lang/crates.io-index
prettyplease	0.2.37	MIT OR Apache-2.0	https://github.com/dtolnay/prettyplease	registry+https://github.com/rust-lang/crates.io-index
proc-macro-crate	3.5.0	MIT OR Apache-2.0	https://github.com/bkchr/proc-macro-crate	registry+https://github.com/rust-lang/crates.io-index
proc-macro2	1.0.106	MIT OR Apache-2.0	https://github.com/dtolnay/proc-macro2	registry+https://github.com/rust-lang/crates.io-index
quick-xml	0.36.2	MIT	https://github.com/tafia/quick-xml	registry+https://github.com/rust-lang/crates.io-index
quinn	0.11.9	MIT OR Apache-2.0	https://github.com/quinn-rs/quinn	registry+https://github.com/rust-lang/crates.io-index
quinn-proto	0.11.14	MIT OR Apache-2.0	https://github.com/quinn-rs/quinn	registry+https://github.com/rust-lang/crates.io-index
quinn-udp	0.5.14	MIT OR Apache-2.0	https://github.com/quinn-rs/quinn	registry+https://github.com/rust-lang/crates.io-index
quote	1.0.45	MIT OR Apache-2.0	https://github.com/dtolnay/quote	registry+https://github.com/rust-lang/crates.io-index
r-efi	5.3.0	MIT OR Apache-2.0 OR LGPL-2.1-or-later	https://github.com/r-efi/r-efi	registry+https://github.com/rust-lang/crates.io-index
rand	0.8.6	MIT OR Apache-2.0	https://github.com/rust-random/rand	registry+https://github.com/rust-lang/crates.io-index
rand	0.9.4	MIT OR Apache-2.0	https://github.com/rust-random/rand	registry+https://github.com/rust-lang/crates.io-index
rand_chacha	0.3.1	MIT OR Apache-2.0	https://github.com/rust-random/rand	registry+https://github.com/rust-lang/crates.io-index
rand_chacha	0.9.0	MIT OR Apache-2.0	https://github.com/rust-random/rand	registry+https://github.com/rust-lang/crates.io-index
rand_core	0.6.4	MIT OR Apache-2.0	https://github.com/rust-random/rand	registry+https://github.com/rust-lang/crates.io-index
rand_core	0.9.5	MIT OR Apache-2.0	https://github.com/rust-random/rand	registry+https://github.com/rust-lang/crates.io-index
rawpointer	0.2.1	MIT/Apache-2.0	https://github.com/bluss/rawpointer/	registry+https://github.com/rust-lang/crates.io-index
rayon	1.12.0	MIT OR Apache-2.0	https://github.com/rayon-rs/rayon	registry+https://github.com/rust-lang/crates.io-index
rayon-core	1.13.0	MIT OR Apache-2.0	https://github.com/rayon-rs/rayon	registry+https://github.com/rust-lang/crates.io-index
rcgen	0.14.7	MIT OR Apache-2.0	https://github.com/rustls/rcgen	registry+https://github.com/rust-lang/crates.io-index
redox_syscall	0.5.18	MIT	https://gitlab.redox-os.org/redox-os/syscall	registry+https://github.com/rust-lang/crates.io-index
redox_users	0.5.2	MIT	https://gitlab.redox-os.org/redox-os/users	registry+https://github.com/rust-lang/crates.io-index
regex	1.12.3	MIT OR Apache-2.0	https://github.com/rust-lang/regex	registry+https://github.com/rust-lang/crates.io-index
regex-automata	0.4.14	MIT OR Apache-2.0	https://github.com/rust-lang/regex	registry+https://github.com/rust-lang/crates.io-index
regex-syntax	0.8.10	MIT OR Apache-2.0	https://github.com/rust-lang/regex	registry+https://github.com/rust-lang/crates.io-index
reqwest	0.12.28	MIT OR Apache-2.0	https://github.com/seanmonstar/reqwest	registry+https://github.com/rust-lang/crates.io-index
ring	0.17.14	Apache-2.0 AND ISC	https://github.com/briansmith/ring	registry+https://github.com/rust-lang/crates.io-index
rusqlite	0.31.0	MIT	https://github.com/rusqlite/rusqlite	registry+https://github.com/rust-lang/crates.io-index
rustc-hash	1.1.0	Apache-2.0/MIT	https://github.com/rust-lang-nursery/rustc-hash	registry+https://github.com/rust-lang/crates.io-index
rustc-hash	2.1.2	Apache-2.0 OR MIT	https://github.com/rust-lang/rustc-hash	registry+https://github.com/rust-lang/crates.io-index
rusticata-macros	4.1.0	MIT/Apache-2.0	https://github.com/rusticata/rusticata-macros.git	registry+https://github.com/rust-lang/crates.io-index
rustix	1.1.4	Apache-2.0 WITH LLVM-exception OR Apache-2.0 OR MIT	https://github.com/bytecodealliance/rustix	registry+https://github.com/rust-lang/crates.io-index
rustls	0.23.39	Apache-2.0 OR ISC OR MIT	https://github.com/rustls/rustls	registry+https://github.com/rust-lang/crates.io-index
rustls-pemfile	2.2.0	Apache-2.0 OR ISC OR MIT	https://github.com/rustls/pemfile	registry+https://github.com/rust-lang/crates.io-index
rustls-pki-types	1.14.1	MIT OR Apache-2.0	https://github.com/rustls/pki-types	registry+https://github.com/rust-lang/crates.io-index
rustls-webpki	0.103.13	ISC	https://github.com/rustls/webpki	registry+https://github.com/rust-lang/crates.io-index
rustversion	1.0.22	MIT OR Apache-2.0	https://github.com/dtolnay/rustversion	registry+https://github.com/rust-lang/crates.io-index
ryu	1.0.23	Apache-2.0 OR BSL-1.0	https://github.com/dtolnay/ryu	registry+https://github.com/rust-lang/crates.io-index
safetensors	0.3.3	Apache-2.0	https://github.com/huggingface/safetensors	registry+https://github.com/rust-lang/crates.io-index
schannel	0.1.29	MIT	https://github.com/steffengy/schannel-rs	registry+https://github.com/rust-lang/crates.io-index
scopeguard	1.2.0	MIT OR Apache-2.0	https://github.com/bluss/scopeguard	registry+https://github.com/rust-lang/crates.io-index
security-framework	3.7.0	MIT OR Apache-2.0	https://github.com/kornelski/rust-security-framework	registry+https://github.com/rust-lang/crates.io-index
security-framework-sys	2.17.0	MIT OR Apache-2.0	https://github.com/kornelski/rust-security-framework	registry+https://github.com/rust-lang/crates.io-index
serde	1.0.228	MIT OR Apache-2.0	https://github.com/serde-rs/serde	registry+https://github.com/rust-lang/crates.io-index
serde_core	1.0.228	MIT OR Apache-2.0	https://github.com/serde-rs/serde	registry+https://github.com/rust-lang/crates.io-index
serde_derive	1.0.228	MIT OR Apache-2.0	https://github.com/serde-rs/serde	registry+https://github.com/rust-lang/crates.io-index
serde_json	1.0.149	MIT OR Apache-2.0	https://github.com/serde-rs/json	registry+https://github.com/rust-lang/crates.io-index
serde_path_to_error	0.1.20	MIT OR Apache-2.0	https://github.com/dtolnay/path-to-error	registry+https://github.com/rust-lang/crates.io-index
serde_urlencoded	0.7.1	MIT/Apache-2.0	https://github.com/nox/serde_urlencoded	registry+https://github.com/rust-lang/crates.io-index
sha1	0.10.6	MIT OR Apache-2.0	https://github.com/RustCrypto/hashes	registry+https://github.com/rust-lang/crates.io-index
sha2	0.10.9	MIT OR Apache-2.0	https://github.com/RustCrypto/hashes	registry+https://github.com/rust-lang/crates.io-index
shlex	1.3.0	MIT OR Apache-2.0	https://github.com/comex/rust-shlex	registry+https://github.com/rust-lang/crates.io-index
signal-hook-registry	1.4.8	MIT OR Apache-2.0	https://github.com/vorner/signal-hook	registry+https://github.com/rust-lang/crates.io-index
simd-adler32	0.3.9	MIT	https://github.com/mcountryman/simd-adler32	registry+https://github.com/rust-lang/crates.io-index
siphasher	1.0.2	MIT/Apache-2.0	https://github.com/jedisct1/rust-siphash	registry+https://github.com/rust-lang/crates.io-index
slab	0.4.12	MIT	https://github.com/tokio-rs/slab	registry+https://github.com/rust-lang/crates.io-index
smallvec	1.15.1	MIT OR Apache-2.0	https://github.com/servo/rust-smallvec	registry+https://github.com/rust-lang/crates.io-index
socket2	0.6.3	MIT OR Apache-2.0	https://github.com/rust-lang/socket2	registry+https://github.com/rust-lang/crates.io-index
stable_deref_trait	1.2.1	MIT OR Apache-2.0	https://github.com/storyyeller/stable_deref_trait	registry+https://github.com/rust-lang/crates.io-index
strsim	0.11.1	MIT	https://github.com/rapidfuzz/strsim-rs	registry+https://github.com/rust-lang/crates.io-index
strum	0.27.2	MIT	https://github.com/Peternator7/strum	registry+https://github.com/rust-lang/crates.io-index
strum_macros	0.27.2	MIT	https://github.com/Peternator7/strum	registry+https://github.com/rust-lang/crates.io-index
subtle	2.6.1	BSD-3-Clause	https://github.com/dalek-cryptography/subtle	registry+https://github.com/rust-lang/crates.io-index
syn	2.0.117	MIT OR Apache-2.0	https://github.com/dtolnay/syn	registry+https://github.com/rust-lang/crates.io-index
sync_wrapper	1.0.2	Apache-2.0	https://github.com/Actyx/sync_wrapper	registry+https://github.com/rust-lang/crates.io-index
synstructure	0.13.2	MIT	https://github.com/mystor/synstructure	registry+https://github.com/rust-lang/crates.io-index
system-configuration	0.7.0	MIT OR Apache-2.0	https://github.com/mullvad/system-configuration-rs	registry+https://github.com/rust-lang/crates.io-index
system-configuration-sys	0.6.0	MIT OR Apache-2.0	https://github.com/mullvad/system-configuration-rs	registry+https://github.com/rust-lang/crates.io-index
tch	0.24.0	MIT/Apache-2.0	https://github.com/LaurentMazare/tch-rs	registry+https://github.com/rust-lang/crates.io-index
tempfile	3.27.0	MIT OR Apache-2.0	https://github.com/Stebalien/tempfile	registry+https://github.com/rust-lang/crates.io-index
thiserror	1.0.69	MIT OR Apache-2.0	https://github.com/dtolnay/thiserror	registry+https://github.com/rust-lang/crates.io-index
thiserror	2.0.18	MIT OR Apache-2.0	https://github.com/dtolnay/thiserror	registry+https://github.com/rust-lang/crates.io-index
thiserror-impl	1.0.69	MIT OR Apache-2.0	https://github.com/dtolnay/thiserror	registry+https://github.com/rust-lang/crates.io-index
thiserror-impl	2.0.18	MIT OR Apache-2.0	https://github.com/dtolnay/thiserror	registry+https://github.com/rust-lang/crates.io-index
time	0.3.47	MIT OR Apache-2.0	https://github.com/time-rs/time	registry+https://github.com/rust-lang/crates.io-index
time-core	0.1.8	MIT OR Apache-2.0	https://github.com/time-rs/time	registry+https://github.com/rust-lang/crates.io-index
time-macros	0.2.27	MIT OR Apache-2.0	https://github.com/time-rs/time	registry+https://github.com/rust-lang/crates.io-index
tinystr	0.8.3	Unicode-3.0	https://github.com/unicode-org/icu4x	registry+https://github.com/rust-lang/crates.io-index
tinyvec	1.11.0	Zlib OR Apache-2.0 OR MIT	https://github.com/Lokathor/tinyvec	registry+https://github.com/rust-lang/crates.io-index
tinyvec_macros	0.1.1	MIT OR Apache-2.0 OR Zlib	https://github.com/Soveu/tinyvec_macros	registry+https://github.com/rust-lang/crates.io-index
tokio	1.52.1	MIT	https://github.com/tokio-rs/tokio	registry+https://github.com/rust-lang/crates.io-index
tokio-macros	2.7.0	MIT	https://github.com/tokio-rs/tokio	registry+https://github.com/rust-lang/crates.io-index
tokio-native-tls	0.3.1	MIT	https://github.com/tokio-rs/tls	registry+https://github.com/rust-lang/crates.io-index
tokio-rustls	0.26.4	MIT OR Apache-2.0	https://github.com/rustls/tokio-rustls	registry+https://github.com/rust-lang/crates.io-index
tokio-util	0.7.18	MIT	https://github.com/tokio-rs/tokio	registry+https://github.com/rust-lang/crates.io-index
toml_datetime	1.1.1+spec-1.1.0	MIT OR Apache-2.0	https://github.com/toml-rs/toml	registry+https://github.com/rust-lang/crates.io-index
toml_edit	0.25.11+spec-1.1.0	MIT OR Apache-2.0	https://github.com/toml-rs/toml	registry+https://github.com/rust-lang/crates.io-index
toml_parser	1.1.2+spec-1.1.0	MIT OR Apache-2.0	https://github.com/toml-rs/toml	registry+https://github.com/rust-lang/crates.io-index
torch-sys	0.24.0	MIT/Apache-2.0	https://github.com/LaurentMazare/tch-rs	registry+https://github.com/rust-lang/crates.io-index
tower	0.5.3	MIT	https://github.com/tower-rs/tower	registry+https://github.com/rust-lang/crates.io-index
tower-http	0.6.8	MIT	https://github.com/tower-rs/tower-http	registry+https://github.com/rust-lang/crates.io-index
tower-layer	0.3.3	MIT	https://github.com/tower-rs/tower	registry+https://github.com/rust-lang/crates.io-index
tower-service	0.3.3	MIT	https://github.com/tower-rs/tower	registry+https://github.com/rust-lang/crates.io-index
tracing	0.1.44	MIT	https://github.com/tokio-rs/tracing	registry+https://github.com/rust-lang/crates.io-index
tracing-core	0.1.36	MIT	https://github.com/tokio-rs/tracing	registry+https://github.com/rust-lang/crates.io-index
try-lock	0.2.5	MIT	https://github.com/seanmonstar/try-lock	registry+https://github.com/rust-lang/crates.io-index
typenum	1.20.0	MIT OR Apache-2.0	https://github.com/paholg/typenum	registry+https://github.com/rust-lang/crates.io-index
unicode-ident	1.0.24	(MIT OR Apache-2.0) AND Unicode-3.0	https://github.com/dtolnay/unicode-ident	registry+https://github.com/rust-lang/crates.io-index
untrusted	0.9.0	ISC	https://github.com/briansmith/untrusted	registry+https://github.com/rust-lang/crates.io-index
ureq	2.12.1	MIT OR Apache-2.0	https://github.com/algesten/ureq	registry+https://github.com/rust-lang/crates.io-index
url	2.5.8	MIT OR Apache-2.0	https://github.com/servo/rust-url	registry+https://github.com/rust-lang/crates.io-index
utf8_iter	1.0.4	Apache-2.0 OR MIT	https://github.com/hsivonen/utf8_iter	registry+https://github.com/rust-lang/crates.io-index
utf8parse	0.2.2	Apache-2.0 OR MIT	https://github.com/alacritty/vte	registry+https://github.com/rust-lang/crates.io-index
vcpkg	0.2.15	MIT/Apache-2.0	https://github.com/mcgoo/vcpkg-rs	registry+https://github.com/rust-lang/crates.io-index
version_check	0.9.5	MIT/Apache-2.0	https://github.com/SergioBenitez/version_check	registry+https://github.com/rust-lang/crates.io-index
want	0.3.1	MIT	https://github.com/seanmonstar/want	registry+https://github.com/rust-lang/crates.io-index
wasi	0.11.1+wasi-snapshot-preview1	Apache-2.0 WITH LLVM-exception OR Apache-2.0 OR MIT	https://github.com/bytecodealliance/wasi	registry+https://github.com/rust-lang/crates.io-index
wasip2	1.0.3+wasi-0.2.9	Apache-2.0 WITH LLVM-exception OR Apache-2.0 OR MIT	https://github.com/bytecodealliance/wasi-rs	registry+https://github.com/rust-lang/crates.io-index
wasm-bindgen	0.2.118	MIT OR Apache-2.0	https://github.com/wasm-bindgen/wasm-bindgen	registry+https://github.com/rust-lang/crates.io-index
wasm-bindgen-futures	0.4.68	MIT OR Apache-2.0	https://github.com/wasm-bindgen/wasm-bindgen/tree/master/crates/futures	registry+https://github.com/rust-lang/crates.io-index
wasm-bindgen-macro	0.2.118	MIT OR Apache-2.0	https://github.com/wasm-bindgen/wasm-bindgen/tree/master/crates/macro	registry+https://github.com/rust-lang/crates.io-index
wasm-bindgen-macro-support	0.2.118	MIT OR Apache-2.0	https://github.com/wasm-bindgen/wasm-bindgen/tree/master/crates/macro-support	registry+https://github.com/rust-lang/crates.io-index
wasm-bindgen-shared	0.2.118	MIT OR Apache-2.0	https://github.com/wasm-bindgen/wasm-bindgen/tree/master/crates/shared	registry+https://github.com/rust-lang/crates.io-index
web-sys	0.3.95	MIT OR Apache-2.0	https://github.com/wasm-bindgen/wasm-bindgen/tree/master/crates/web-sys	registry+https://github.com/rust-lang/crates.io-index
web-time	1.1.0	MIT OR Apache-2.0	https://github.com/daxpedda/web-time	registry+https://github.com/rust-lang/crates.io-index
webpki-roots	0.26.11	CDLA-Permissive-2.0	https://github.com/rustls/webpki-roots	registry+https://github.com/rust-lang/crates.io-index
webpki-roots	1.0.7	CDLA-Permissive-2.0	https://github.com/rustls/webpki-roots	registry+https://github.com/rust-lang/crates.io-index
windows-core	0.62.2	MIT OR Apache-2.0	https://github.com/microsoft/windows-rs	registry+https://github.com/rust-lang/crates.io-index
windows-implement	0.60.2	MIT OR Apache-2.0	https://github.com/microsoft/windows-rs	registry+https://github.com/rust-lang/crates.io-index
windows-interface	0.59.3	MIT OR Apache-2.0	https://github.com/microsoft/windows-rs	registry+https://github.com/rust-lang/crates.io-index
windows-link	0.2.1	MIT OR Apache-2.0	https://github.com/microsoft/windows-rs	registry+https://github.com/rust-lang/crates.io-index
windows-registry	0.6.1	MIT OR Apache-2.0	https://github.com/microsoft/windows-rs	registry+https://github.com/rust-lang/crates.io-index
windows-result	0.4.1	MIT OR Apache-2.0	https://github.com/microsoft/windows-rs	registry+https://github.com/rust-lang/crates.io-index
windows-strings	0.5.1	MIT OR Apache-2.0	https://github.com/microsoft/windows-rs	registry+https://github.com/rust-lang/crates.io-index
windows-sys	0.52.0	MIT OR Apache-2.0	https://github.com/microsoft/windows-rs	registry+https://github.com/rust-lang/crates.io-index
windows-sys	0.60.2	MIT OR Apache-2.0	https://github.com/microsoft/windows-rs	registry+https://github.com/rust-lang/crates.io-index
windows-sys	0.61.2	MIT OR Apache-2.0	https://github.com/microsoft/windows-rs	registry+https://github.com/rust-lang/crates.io-index
windows-targets	0.52.6	MIT OR Apache-2.0	https://github.com/microsoft/windows-rs	registry+https://github.com/rust-lang/crates.io-index
windows-targets	0.53.5	MIT OR Apache-2.0	https://github.com/microsoft/windows-rs	registry+https://github.com/rust-lang/crates.io-index
windows_aarch64_gnullvm	0.52.6	MIT OR Apache-2.0	https://github.com/microsoft/windows-rs	registry+https://github.com/rust-lang/crates.io-index
windows_aarch64_gnullvm	0.53.1	MIT OR Apache-2.0	https://github.com/microsoft/windows-rs	registry+https://github.com/rust-lang/crates.io-index
windows_aarch64_msvc	0.52.6	MIT OR Apache-2.0	https://github.com/microsoft/windows-rs	registry+https://github.com/rust-lang/crates.io-index
windows_aarch64_msvc	0.53.1	MIT OR Apache-2.0	https://github.com/microsoft/windows-rs	registry+https://github.com/rust-lang/crates.io-index
windows_i686_gnu	0.52.6	MIT OR Apache-2.0	https://github.com/microsoft/windows-rs	registry+https://github.com/rust-lang/crates.io-index
windows_i686_gnu	0.53.1	MIT OR Apache-2.0	https://github.com/microsoft/windows-rs	registry+https://github.com/rust-lang/crates.io-index
windows_i686_gnullvm	0.52.6	MIT OR Apache-2.0	https://github.com/microsoft/windows-rs	registry+https://github.com/rust-lang/crates.io-index
windows_i686_gnullvm	0.53.1	MIT OR Apache-2.0	https://github.com/microsoft/windows-rs	registry+https://github.com/rust-lang/crates.io-index
windows_i686_msvc	0.52.6	MIT OR Apache-2.0	https://github.com/microsoft/windows-rs	registry+https://github.com/rust-lang/crates.io-index
windows_i686_msvc	0.53.1	MIT OR Apache-2.0	https://github.com/microsoft/windows-rs	registry+https://github.com/rust-lang/crates.io-index
windows_x86_64_gnu	0.52.6	MIT OR Apache-2.0	https://github.com/microsoft/windows-rs	registry+https://github.com/rust-lang/crates.io-index
windows_x86_64_gnu	0.53.1	MIT OR Apache-2.0	https://github.com/microsoft/windows-rs	registry+https://github.com/rust-lang/crates.io-index
windows_x86_64_gnullvm	0.52.6	MIT OR Apache-2.0	https://github.com/microsoft/windows-rs	registry+https://github.com/rust-lang/crates.io-index
windows_x86_64_gnullvm	0.53.1	MIT OR Apache-2.0	https://github.com/microsoft/windows-rs	registry+https://github.com/rust-lang/crates.io-index
windows_x86_64_msvc	0.52.6	MIT OR Apache-2.0	https://github.com/microsoft/windows-rs	registry+https://github.com/rust-lang/crates.io-index
windows_x86_64_msvc	0.53.1	MIT OR Apache-2.0	https://github.com/microsoft/windows-rs	registry+https://github.com/rust-lang/crates.io-index
winnow	1.0.2	MIT	https://github.com/winnow-rs/winnow	registry+https://github.com/rust-lang/crates.io-index
wit-bindgen	0.57.1	Apache-2.0 WITH LLVM-exception OR Apache-2.0 OR MIT	https://github.com/bytecodealliance/wit-bindgen	registry+https://github.com/rust-lang/crates.io-index
writeable	0.6.3	Unicode-3.0	https://github.com/unicode-org/icu4x	registry+https://github.com/rust-lang/crates.io-index
x509-parser	0.18.1	MIT OR Apache-2.0	https://github.com/rusticata/x509-parser.git	registry+https://github.com/rust-lang/crates.io-index
xgboost_lib-sys	3.0.4	MIT	https://github.com/marcomq/rust-xgboost	registry+https://github.com/rust-lang/crates.io-index
yasna	0.5.2	MIT OR Apache-2.0	https://github.com/qnighy/yasna.rs	registry+https://github.com/rust-lang/crates.io-index
yoke	0.8.2	Unicode-3.0	https://github.com/unicode-org/icu4x	registry+https://github.com/rust-lang/crates.io-index
yoke-derive	0.8.2	Unicode-3.0	https://github.com/unicode-org/icu4x	registry+https://github.com/rust-lang/crates.io-index
zerocopy	0.8.48	BSD-2-Clause OR Apache-2.0 OR MIT	https://github.com/google/zerocopy	registry+https://github.com/rust-lang/crates.io-index
zerocopy-derive	0.8.48	BSD-2-Clause OR Apache-2.0 OR MIT	https://github.com/google/zerocopy	registry+https://github.com/rust-lang/crates.io-index
zerofrom	0.1.7	Unicode-3.0	https://github.com/unicode-org/icu4x	registry+https://github.com/rust-lang/crates.io-index
zerofrom-derive	0.1.7	Unicode-3.0	https://github.com/unicode-org/icu4x	registry+https://github.com/rust-lang/crates.io-index
zeroize	1.8.2	Apache-2.0 OR MIT	https://github.com/RustCrypto/utils	registry+https://github.com/rust-lang/crates.io-index
zerotrie	0.2.4	Unicode-3.0	https://github.com/unicode-org/icu4x	registry+https://github.com/rust-lang/crates.io-index
zerovec	0.11.6	Unicode-3.0	https://github.com/unicode-org/icu4x	registry+https://github.com/rust-lang/crates.io-index
zerovec-derive	0.11.3	Unicode-3.0	https://github.com/unicode-org/icu4x	registry+https://github.com/rust-lang/crates.io-index
zip	0.6.6	MIT	https://github.com/zip-rs/zip.git	registry+https://github.com/rust-lang/crates.io-index
zmij	1.0.21	MIT	https://github.com/dtolnay/zmij	registry+https://github.com/rust-lang/crates.io-index
zstd	0.11.2+zstd.1.5.2	MIT	https://github.com/gyscos/zstd-rs	registry+https://github.com/rust-lang/crates.io-index
zstd	0.13.3	MIT	https://github.com/gyscos/zstd-rs	registry+https://github.com/rust-lang/crates.io-index
zstd-safe	5.0.2+zstd.1.5.2	MIT/Apache-2.0	https://github.com/gyscos/zstd-rs	registry+https://github.com/rust-lang/crates.io-index
zstd-safe	7.2.4	MIT OR Apache-2.0	https://github.com/gyscos/zstd-rs	registry+https://github.com/rust-lang/crates.io-index
zstd-sys	2.0.16+zstd.1.5.7	MIT/Apache-2.0	https://github.com/gyscos/zstd-rs	registry+https://github.com/rust-lang/crates.io-index
